,Fund Name,P1,P2,P3,P4,P5,Score,Rank
0,M1,0.74,0.55,6.2,61.9,17.35,0.7081591850513379,0
1,M2,0.79,0.62,4.0,53.7,14.78,0.417899871563218,5
2,M3,0.67,0.45,6.1,53.2,15.11,0.6966889527465521,1
3,M4,0.65,0.42,5.7,61.6,17.09,0.6721508051471685,2
4,M5,0.71,0.5,3.6,33.9,9.68,0.3287768153104855,6
5,M6,0.86,0.74,5.2,57.5,16.08,0.5631311831626953,3
6,M7,0.9,0.81,6.6,35.9,11.05,0.5581892932928424,4
7,M8,0.92,0.85,3.5,50.7,13.99,0.3269290110207596,7
